"name","description"
"Programación","Espacio para programadores y desarrolladores para compartir conocimientos sobre lenguajes de programación y desarrollo de software."
"Diseño Gráfico","Comunidad de diseñadores gráficos que discuten diseño web, gráficos, tipografía y herramientas de diseño."
"Gestión de Proyectos","Profesionales de gestión de proyectos comparten metodologías, herramientas y estrategias para el éxito en la gestión de proyectos."
"Redacción y Edición","Espacio para escritores y editores que debaten técnicas de escritura, edición y creación de contenido de calidad."
"Análisis de Datos","Comunidad de analistas de datos que comparten conocimientos sobre análisis de datos, visualización y herramientas de análisis."
"Ventas y Negociación","Profesionales de ventas se reúnen para discutir estrategias de ventas, tácticas de negociación y gestión de clientes."
"Liderazgo","Líderes y aspirantes a líderes exploran temas de liderazgo, desarrollo de equipos y habilidades de gestión."
"Comunicación","Esta comunidad se centra en habilidades de comunicación efectiva, incluyendo presentación, oratoria y habilidades de escucha."
"Desarrollo de Productos","Profesionales de desarrollo de productos comparten experiencias en la creación y gestión de productos y servicios."
"Investigación de Mercado","Expertos en investigación de mercado discuten metodologías, análisis de datos y tendencias en investigación de mercado."
"Emprendimiento","Emprendedores y empresarios comparten experiencias, consejos y estrategias para iniciar y hacer crecer negocios."
"Networking","Profesionales de networking se conectan para desarrollar relaciones, expandir su red y encontrar oportunidades de colaboración."
"Formación y Educación Continua","Para aquellos interesados en el aprendizaje continuo, esta comunidad ofrece recursos y discusiones sobre formación y educación en curso."
"Innovación y Tecnología","Profesionales interesados en innovación y tecnología exploran avances tecnológicos y su impacto en diversos sectores."
"Gestión del Tiempo","Para aquellos que buscan mejorar la gestión del tiempo, esta comunidad comparte técnicas y herramientas para la productividad."
"Bienestar en el Trabajo","Profesionales discuten estrategias para mantener un equilibrio saludable entre trabajo y vida personal, y promover el bienestar en el trabajo."
"Diversidad e Inclusión","Esta comunidad se enfoca en la diversidad y la inclusión en el lugar de trabajo, promoviendo la igualdad y la equidad en todos los niveles."
"Sostenibilidad","Profesionales comprometidos con la sostenibilidad comparten ideas y soluciones para abordar problemas ambientales y sociales en las empresas."
"Ascenso","Profesionales que buscan avanzar en sus carreras discuten estrategias y pasos para lograr un ascenso laboral."
"Desarrollo de Habilidades","Profesionales en busca de mejorar sus habilidades y competencias obtienen recursos y consejos para su desarrollo personal y profesional."
"Creación de un Negocio Propio","Emprendedores comparten experiencias y recursos para iniciar y administrar sus propios negocios con éxito."
"Estabilidad Laboral","Profesionales interesados en mantener la estabilidad laboral exploran estrategias para asegurar sus posiciones y crecimiento en sus empleos."
"Contribución a la Comunidad","Aquí, los profesionales pueden discutir cómo contribuir a la comunidad y participar en proyectos y actividades benéficas."
"Balance entre Trabajo y Vida Personal","Para aquellos que buscan un equilibrio saludable entre el trabajo y la vida personal, esta comunidad comparte consejos y recursos para lograrlo."
"Éxito Profesional","Profesionales ambiciosos comparten estrategias y recursos para alcanzar el éxito en sus carreras y proyectos laborales."
"Software como Servicio (SaaS)","Para aquellos interesados en el mercado de software como servicio, esta comunidad se enfoca en tendencias y desarrollos en SaaS."
"Salud Digital","Profesionales de la salud y tecnología discuten avances y aplicaciones de la salud digital en la atención médica."
"Educación en Línea","Profesores y educadores en línea exploran estrategias y herramientas para la enseñanza en línea y la educación a distancia."
"Energía Renovable","Esta comunidad se centra en la energía renovable, la sostenibilidad y las tecnologías limpias en la industria energética."
"Finanzas Personales","Aquellos interesados en la gestión de finanzas personales encuentran consejos y recursos para la planificación financiera y la inversión."
"Gobierno Digital","Funcionarios públicos y ciudadanos discuten la transformación digital del gobierno y la participación cívica en la era digital."
"Medios y Entretenimiento Digital","Para aquellos en la industria de los medios y el entretenimiento digital, esta comunidad se centra en tendencias y novedades en línea."
"Plataformas de Marketing","Especialistas en marketing discuten estrategias y herramientas de plataformas de marketing digital."
"Herramientas de Gestión de Proyectos","Profesionales de gestión de proyectos comparten información sobre herramientas de gestión de proyectos y soluciones eficaces."
"Sistemas de Gestión Empresarial (ERP)","Esta comunidad se centra en sistemas de gestión empresarial y cómo optimizar su uso para mejorar la eficiencia empresarial."
"Lenguajes de Programación","Programadores discuten lenguajes de programación específicos, sus ventajas y desafíos, y comparten recursos y consejos."
"Software de Diseño","Diseñadores gráficos y creativos exploran software de diseño, sus capacidades y cómo sacar el máximo provecho de estas herramientas."
"Tecnologías de la Información","Profesionales de TI discuten avances y desafíos en tecnologías de la información, desde redes hasta infraestructura de nube."
"Herramientas de Análisis de Datos","Analistas de datos comparten conocimientos sobre herramientas de análisis de datos, técnicas de visualización y análisis predictivo."
"Herramientas de Comunicación","Esta comunidad se centra en herramientas de comunicación, desde aplicaciones de chat hasta plataformas de videoconferencia."
"Herramientas de Desarrollo Web","Desarrolladores web comparten herramientas, frameworks y técnicas para el desarrollo web y la creación de sitios y aplicaciones interactivas."
"Ferias Comerciales","Aquí encontrarás información sobre ferias comerciales en diversas industrias y cómo participar en ellas."
"Webinars","Encuentra y comparte webinars sobre temas de interés profesional, desde tecnología hasta marketing y desarrollo personal."
"Seminarios y Talleres","Descubre y participa en seminarios y talleres sobre una variedad de temas laborales y de desarrollo profesional."
"Libros","Descubre libros relevantes para tu carrera y comparte reseñas, recomendaciones y debates sobre literatura laboral."
"Podcasts","Explora y discute podcasts sobre temas profesionales, incluyendo entrevistas, consejos y análisis."
"Salud y Medicina","Únete a expertos médicos, profesionales de la salud y entusiastas de la medicina para debatir avances médicos, investigación clínica y prácticas innovadoras en el campo de la salud."
"Finanzas","Aquí, los financieros y analistas se reúnen para compartir conocimientos sobre inversiones, planificación financiera, criptomonedas y noticias económicas globales."
"Educación","Profesores, pedagogos y apasionados de la educación pueden colaborar en estrategias de enseñanza, tecnología educativa y mejores prácticas en el ámbito educativo."
"Manufactura","Esta comunidad es para profesionales involucrados en la producción y fabricación de productos, donde se discuten procesos, automatización y calidad."
"Energía","Conéctate con ingenieros, ambientalistas y expertos en energía para abordar cuestiones relacionadas con la energía renovable, la sostenibilidad y las fuentes de energía."
"Medios y Entretenimiento","Únete a esta comunidad si estás interesado en la industria del entretenimiento, desde cine y televisión hasta música y videojuegos."
"Agricultura","Profesionales agrícolas y amantes de la jardinería pueden discutir temas como la agricultura sostenible, la horticultura y la seguridad alimentaria."
"Gobierno","Aquí, los funcionarios públicos y ciudadanos pueden hablar sobre políticas gubernamentales, gobernanza y participación cívica."
"Sin Fines de Lucro","Si trabajas o apoyas organizaciones sin fines de lucro, esta comunidad es para ti. Comparte experiencias en el ámbito de la filantropía, la responsabilidad social empresarial y la labor caritativa."
"Desarrollo de Software","Un espacio para desarrolladores de software, ingenieros y programadores para debatir lenguajes de programación, frameworks y desarrollo de aplicaciones."
"Marketing","Marketers y especialistas en marketing pueden compartir estrategias de publicidad, SEO, redes sociales y análisis de datos en esta comunidad."
"Recursos Humanos","Enfocada en profesionales de recursos humanos, esta comunidad aborda la gestión del talento, la selección de personal y las prácticas de RRHH."
"Investigación y Desarrollo","Para innovadores y científicos, esta comunidad se centra en la investigación y el desarrollo de nuevos productos, tecnologías y soluciones."
"Contabilidad","Contadores y expertos contables pueden compartir conocimientos sobre contabilidad financiera, impuestos y auditoría."
"Servicio al Cliente","Esta comunidad se enfoca en la atención al cliente, resolución de problemas y estrategias para mejorar la satisfacción del cliente."
"Consultoría","Únete a consultores y asesores para discutir estrategias de consultoría, soluciones empresariales y consejos para el éxito en consultoría."